0,The Administration of Union Territory Daman and Diu has revoked its order that made it compulsory for women to tie rakhis to their male colleagues on the occasion of Rakshabandhan on August 7.,"The Daman and Diu administration on Wednesday withdrew a circular that asked women staff to tie rakhis on male colleagues after the order triggered a backlash from employees and was ripped apart on social media. It has been decided to celebrate the festival of Rakshabandhan on August 7. s administration was forced to retreat within 24 hours of issuing the circular that made it compulsory for its staff to celebrate Rakshabandhan at workplace. In this connection, all offices/ departments shall remain open and celebrate the festival collectively at a suitable time wherein all the lady staff shall tie rakhis to their colleagues,? were issued by the Daman and Diu administration a day apart."
1,The administration was forced to withdraw the decision within 24 hours of issuing the circular after it received flak from employees and was slammed on social media.,"s administration was forced to retreat within 24 hours of issuing the circular that made it compulsory for its staff to celebrate Rakshabandhan at workplace. The Daman and Diu administration on Wednesday withdrew a circular that asked women staff to tie rakhis on male colleagues after the order triggered a backlash from employees and was ripped apart on social media. It has been decided to celebrate the festival of Rakshabandhan on August 7. To ensure that no one skipped office, an attendance report was to be sent to the government the next evening. were issued by the Daman and Diu administration a day apart."
2,"Malaika Arora slammed an Instagram user who trolled her for ""divorcing a rich man"" and ""having fun with the alimony"".","were issued by the Daman and Diu administration a day apart. The Daman and Diu administration on Wednesday withdrew a circular that asked women staff to tie rakhis on male colleagues after the order triggered a backlash from employees and was ripped apart on social media. To ensure that no one skipped office, an attendance report was to be sent to the government the next evening. s administration was forced to retreat within 24 hours of issuing the circular that made it compulsory for its staff to celebrate Rakshabandhan at workplace. In this connection, all offices/ departments shall remain open and celebrate the festival collectively at a suitable time wherein all the lady staff shall tie rakhis to their colleagues,?"
3,"""Her life now is all about wearing short clothes, going to gym or salon, enjoying vacation[s],"" the user commented.","In this connection, all offices/ departments shall remain open and celebrate the festival collectively at a suitable time wherein all the lady staff shall tie rakhis to their colleagues,? the order, issued on August 1 by Gurpreet Singh, deputy secretary (personnel), had said. To ensure that no one skipped office, an attendance report was to be sent to the government the next evening. s administration was forced to retreat within 24 hours of issuing the circular that made it compulsory for its staff to celebrate Rakshabandhan at workplace. It has been decided to celebrate the festival of Rakshabandhan on August 7."
4,"Malaika responded, ""You certainly got to get your damn facts right before spewing sh*t on me.","the order, issued on August 1 by Gurpreet Singh, deputy secretary (personnel), had said. It has been decided to celebrate the festival of Rakshabandhan on August 7. To ensure that no one skipped office, an attendance report was to be sent to the government the next evening. The Daman and Diu administration on Wednesday withdrew a circular that asked women staff to tie rakhis on male colleagues after the order triggered a backlash from employees and was ripped apart on social media. one mandating the celebration of Rakshabandhan (left) and the other withdrawing the mandate (right) ?"
5,The Indira Gandhi Institute of Medical Sciences (IGIMS) in Patna on Thursday made corrections in its Marital Declaration Form by changing 'Virgin' option to 'Unmarried'.,"the order, issued on August 1 by Gurpreet Singh, deputy secretary (personnel), had said. s administration was forced to retreat within 24 hours of issuing the circular that made it compulsory for its staff to celebrate Rakshabandhan at workplace. one mandating the celebration of Rakshabandhan (left) and the other withdrawing the mandate (right) ? It has been decided to celebrate the festival of Rakshabandhan on August 7. In this connection, all offices/ departments shall remain open and celebrate the festival collectively at a suitable time wherein all the lady staff shall tie rakhis to their colleagues,?"
6,"Earlier, Bihar Health Minister defined virgin as being an unmarried woman and did not consider the term objectionable.","To ensure that no one skipped office, an attendance report was to be sent to the government the next evening. the order, issued on August 1 by Gurpreet Singh, deputy secretary (personnel), had said. In this connection, all offices/ departments shall remain open and celebrate the festival collectively at a suitable time wherein all the lady staff shall tie rakhis to their colleagues,? were issued by the Daman and Diu administration a day apart. The Daman and Diu administration on Wednesday withdrew a circular that asked women staff to tie rakhis on male colleagues after the order triggered a backlash from employees and was ripped apart on social media."
7,"The institute, however, faced strong backlash for asking new recruits to declare their virginity in the form.","In this connection, all offices/ departments shall remain open and celebrate the festival collectively at a suitable time wherein all the lady staff shall tie rakhis to their colleagues,? the order, issued on August 1 by Gurpreet Singh, deputy secretary (personnel), had said. To ensure that no one skipped office, an attendance report was to be sent to the government the next evening. s administration was forced to retreat within 24 hours of issuing the circular that made it compulsory for its staff to celebrate Rakshabandhan at workplace. The Daman and Diu administration on Wednesday withdrew a circular that asked women staff to tie rakhis on male colleagues after the order triggered a backlash from employees and was ripped apart on social media."
8,"Lashkar-e-Taiba's Kashmir commander Abu Dujana, who was killed by security forces, said ""Kabhi hum aage, kabhi aap, aaj aapne pakad liya, mubarak ho aapko (Today you caught me.","the order, issued on August 1 by Gurpreet Singh, deputy secretary (personnel), had said. To ensure that no one skipped office, an attendance report was to be sent to the government the next evening. In this connection, all offices/ departments shall remain open and celebrate the festival collectively at a suitable time wherein all the lady staff shall tie rakhis to their colleagues,? were issued by the Daman and Diu administration a day apart. one mandating the celebration of Rakshabandhan (left) and the other withdrawing the mandate (right) ?"
9,"He added that he won't surrender, and whatever is in his fate will happen to him.","In this connection, all offices/ departments shall remain open and celebrate the festival collectively at a suitable time wherein all the lady staff shall tie rakhis to their colleagues,? To ensure that no one skipped office, an attendance report was to be sent to the government the next evening. The Daman and Diu administration on Wednesday withdrew a circular that asked women staff to tie rakhis on male colleagues after the order triggered a backlash from employees and was ripped apart on social media. s administration was forced to retreat within 24 hours of issuing the circular that made it compulsory for its staff to celebrate Rakshabandhan at workplace. the order, issued on August 1 by Gurpreet Singh, deputy secretary (personnel), had said."
10,"""Hum nikley they shaheed hone (had left home for martyrdom),"" he added.","the order, issued on August 1 by Gurpreet Singh, deputy secretary (personnel), had said. one mandating the celebration of Rakshabandhan (left) and the other withdrawing the mandate (right) ? s administration was forced to retreat within 24 hours of issuing the circular that made it compulsory for its staff to celebrate Rakshabandhan at workplace. To ensure that no one skipped office, an attendance report was to be sent to the government the next evening. In this connection, all offices/ departments shall remain open and celebrate the festival collectively at a suitable time wherein all the lady staff shall tie rakhis to their colleagues,?"
11,"Hotels in Maharashtra will train their staff to spot signs of sex trafficking, including frequent requests for bed linen changes and 'Do not disturb' signs left on room doors for days.","s administration was forced to retreat within 24 hours of issuing the circular that made it compulsory for its staff to celebrate Rakshabandhan at workplace. In this connection, all offices/ departments shall remain open and celebrate the festival collectively at a suitable time wherein all the lady staff shall tie rakhis to their colleagues,? The Daman and Diu administration on Wednesday withdrew a circular that asked women staff to tie rakhis on male colleagues after the order triggered a backlash from employees and was ripped apart on social media. one mandating the celebration of Rakshabandhan (left) and the other withdrawing the mandate (right) ? It has been decided to celebrate the festival of Rakshabandhan on August 7."
12,"A mobile phone app called Rescue Me, which will allow staff to alert police of suspicious behaviour, will be developed.","To ensure that no one skipped office, an attendance report was to be sent to the government the next evening. In this connection, all offices/ departments shall remain open and celebrate the festival collectively at a suitable time wherein all the lady staff shall tie rakhis to their colleagues,? the order, issued on August 1 by Gurpreet Singh, deputy secretary (personnel), had said. s administration was forced to retreat within 24 hours of issuing the circular that made it compulsory for its staff to celebrate Rakshabandhan at workplace. The Daman and Diu administration on Wednesday withdrew a circular that asked women staff to tie rakhis on male colleagues after the order triggered a backlash from employees and was ripped apart on social media."
13,The initiative has been backed by the Maharashtra government.,"It has been decided to celebrate the festival of Rakshabandhan on August 7. To ensure that no one skipped office, an attendance report was to be sent to the government the next evening. were issued by the Daman and Diu administration a day apart. the order, issued on August 1 by Gurpreet Singh, deputy secretary (personnel), had said. s administration was forced to retreat within 24 hours of issuing the circular that made it compulsory for its staff to celebrate Rakshabandhan at workplace."
14,A 32-year-old man on Wednesday was found hanging inside the washroom of a Delhi police station after he was called for interrogation.,"The Daman and Diu administration on Wednesday withdrew a circular that asked women staff to tie rakhis on male colleagues after the order triggered a backlash from employees and was ripped apart on social media. s administration was forced to retreat within 24 hours of issuing the circular that made it compulsory for its staff to celebrate Rakshabandhan at workplace. were issued by the Daman and Diu administration a day apart. It has been decided to celebrate the festival of Rakshabandhan on August 7. To ensure that no one skipped office, an attendance report was to be sent to the government the next evening."
15,His family alleged that he could have been emotionally and physically tortured.,"It has been decided to celebrate the festival of Rakshabandhan on August 7. The Daman and Diu administration on Wednesday withdrew a circular that asked women staff to tie rakhis on male colleagues after the order triggered a backlash from employees and was ripped apart on social media. were issued by the Daman and Diu administration a day apart. To ensure that no one skipped office, an attendance report was to be sent to the government the next evening. s administration was forced to retreat within 24 hours of issuing the circular that made it compulsory for its staff to celebrate Rakshabandhan at workplace."
16,Police said the man was named as a suspect in the kidnapping case of a married woman with whom he had been in a relationship earlier.,"In this connection, all offices/ departments shall remain open and celebrate the festival collectively at a suitable time wherein all the lady staff shall tie rakhis to their colleagues,? The Daman and Diu administration on Wednesday withdrew a circular that asked women staff to tie rakhis on male colleagues after the order triggered a backlash from employees and was ripped apart on social media. were issued by the Daman and Diu administration a day apart. the order, issued on August 1 by Gurpreet Singh, deputy secretary (personnel), had said. It has been decided to celebrate the festival of Rakshabandhan on August 7."
17,The Delhi High Court reduced the compensation awarded to a motor accident victim by 45% after it found negligence on the part of both parties.,"It has been decided to celebrate the festival of Rakshabandhan on August 7. The Daman and Diu administration on Wednesday withdrew a circular that asked women staff to tie rakhis on male colleagues after the order triggered a backlash from employees and was ripped apart on social media. were issued by the Daman and Diu administration a day apart. s administration was forced to retreat within 24 hours of issuing the circular that made it compulsory for its staff to celebrate Rakshabandhan at workplace. the order, issued on August 1 by Gurpreet Singh, deputy secretary (personnel), had said."
18,"The court observed, ""It's possible despite the vehicle being driven in permissible limit, an accident can occur when a jaywalker suddenly appears on road"".","the order, issued on August 1 by Gurpreet Singh, deputy secretary (personnel), had said. In this connection, all offices/ departments shall remain open and celebrate the festival collectively at a suitable time wherein all the lady staff shall tie rakhis to their colleagues,? To ensure that no one skipped office, an attendance report was to be sent to the government the next evening. The Daman and Diu administration on Wednesday withdrew a circular that asked women staff to tie rakhis on male colleagues after the order triggered a backlash from employees and was ripped apart on social media. were issued by the Daman and Diu administration a day apart."
19,A 60-year old Dalit woman was allegedly lynched in Agra after villagers thought that she was behind the recent cases of chopping hair of sleeping women.,"The Daman and Diu administration on Wednesday withdrew a circular that asked women staff to tie rakhis on male colleagues after the order triggered a backlash from employees and was ripped apart on social media. s administration was forced to retreat within 24 hours of issuing the circular that made it compulsory for its staff to celebrate Rakshabandhan at workplace. To ensure that no one skipped office, an attendance report was to be sent to the government the next evening. It has been decided to celebrate the festival of Rakshabandhan on August 7. In this connection, all offices/ departments shall remain open and celebrate the festival collectively at a suitable time wherein all the lady staff shall tie rakhis to their colleagues,?"
20,"The family members of the woman who left home around 4 am on Wednesday said, ""She pleaded that she had lost her way but they took her as one responsible for chopping women hair"".","the order, issued on August 1 by Gurpreet Singh, deputy secretary (personnel), had said. The Daman and Diu administration on Wednesday withdrew a circular that asked women staff to tie rakhis on male colleagues after the order triggered a backlash from employees and was ripped apart on social media. one mandating the celebration of Rakshabandhan (left) and the other withdrawing the mandate (right) ? s administration was forced to retreat within 24 hours of issuing the circular that made it compulsory for its staff to celebrate Rakshabandhan at workplace. To ensure that no one skipped office, an attendance report was to be sent to the government the next evening."
21,"An inquiry by the Aircraft Accident Investigation Bureau found that the Pawan Hans helicopter was flying at a critically low height, resulting in its crash near Bombay High in 2015.","In this connection, all offices/ departments shall remain open and celebrate the festival collectively at a suitable time wherein all the lady staff shall tie rakhis to their colleagues,? To ensure that no one skipped office, an attendance report was to be sent to the government the next evening. s administration was forced to retreat within 24 hours of issuing the circular that made it compulsory for its staff to celebrate Rakshabandhan at workplace. the order, issued on August 1 by Gurpreet Singh, deputy secretary (personnel), had said. were issued by the Daman and Diu administration a day apart."
22,"The report further mentioned that the instructor, despite being aware of the low height, didn't take control of the helicopter after the trainee pilot wasn?","To ensure that no one skipped office, an attendance report was to be sent to the government the next evening. the order, issued on August 1 by Gurpreet Singh, deputy secretary (personnel), had said. In this connection, all offices/ departments shall remain open and celebrate the festival collectively at a suitable time wherein all the lady staff shall tie rakhis to their colleagues,? one mandating the celebration of Rakshabandhan (left) and the other withdrawing the mandate (right) ? s administration was forced to retreat within 24 hours of issuing the circular that made it compulsory for its staff to celebrate Rakshabandhan at workplace."
23,"The Congress party has opened a bank called 'State Bank of Tomato' in Uttar Pradesh's Lucknow, in a protest against the rising prices of the vegetable.","In this connection, all offices/ departments shall remain open and celebrate the festival collectively at a suitable time wherein all the lady staff shall tie rakhis to their colleagues,? It has been decided to celebrate the festival of Rakshabandhan on August 7. were issued by the Daman and Diu administration a day apart. The Daman and Diu administration on Wednesday withdrew a circular that asked women staff to tie rakhis on male colleagues after the order triggered a backlash from employees and was ripped apart on social media. s administration was forced to retreat within 24 hours of issuing the circular that made it compulsory for its staff to celebrate Rakshabandhan at workplace."
24,People can get interests on deposits and also get vegetables on loan in the bank.,"The Daman and Diu administration on Wednesday withdrew a circular that asked women staff to tie rakhis on male colleagues after the order triggered a backlash from employees and was ripped apart on social media. It has been decided to celebrate the festival of Rakshabandhan on August 7. the order, issued on August 1 by Gurpreet Singh, deputy secretary (personnel), had said. In this connection, all offices/ departments shall remain open and celebrate the festival collectively at a suitable time wherein all the lady staff shall tie rakhis to their colleagues,? were issued by the Daman and Diu administration a day apart."
25,"5 Kg tomatoes, will get 1 kg after 6 months,"" said a man.","the order, issued on August 1 by Gurpreet Singh, deputy secretary (personnel), had said. In this connection, all offices/ departments shall remain open and celebrate the festival collectively at a suitable time wherein all the lady staff shall tie rakhis to their colleagues,? The Daman and Diu administration on Wednesday withdrew a circular that asked women staff to tie rakhis on male colleagues after the order triggered a backlash from employees and was ripped apart on social media. To ensure that no one skipped office, an attendance report was to be sent to the government the next evening. were issued by the Daman and Diu administration a day apart."
26,India's food regulator Food Safety and Standards Authority of India (FSSAI) is planning to create a network to collect leftover food and provide it to the needy.,one mandating the celebration of Rakshabandhan (left) and the other withdrawing the mandate (right) ? It has been decided to celebrate the festival of Rakshabandhan on August 7. s administration was forced to retreat within 24 hours of issuing the circular that made it compulsory for its staff to celebrate Rakshabandhan at workplace. The Daman and Diu administration on Wednesday withdrew a circular that asked women staff to tie rakhis on male colleagues after the order triggered a backlash from employees and was ripped apart on social media. were issued by the Daman and Diu administration a day apart.
27,"It is looking to connect with organisations which can collect, store and distribute leftover food from weddings and large parties.","The Daman and Diu administration on Wednesday withdrew a circular that asked women staff to tie rakhis on male colleagues after the order triggered a backlash from employees and was ripped apart on social media. In this connection, all offices/ departments shall remain open and celebrate the festival collectively at a suitable time wherein all the lady staff shall tie rakhis to their colleagues,? It has been decided to celebrate the festival of Rakshabandhan on August 7. were issued by the Daman and Diu administration a day apart. To ensure that no one skipped office, an attendance report was to be sent to the government the next evening."
28,It further added that all food must meet the safety and hygiene standards.,"In this connection, all offices/ departments shall remain open and celebrate the festival collectively at a suitable time wherein all the lady staff shall tie rakhis to their colleagues,? s administration was forced to retreat within 24 hours of issuing the circular that made it compulsory for its staff to celebrate Rakshabandhan at workplace. It has been decided to celebrate the festival of Rakshabandhan on August 7. The Daman and Diu administration on Wednesday withdrew a circular that asked women staff to tie rakhis on male colleagues after the order triggered a backlash from employees and was ripped apart on social media. were issued by the Daman and Diu administration a day apart."
29,"The mother of Harshit Sharma, the class 12 Chandigarh boy who got a hoax job offer call from Google, said that the incident ""devastated"" his life.","the order, issued on August 1 by Gurpreet Singh, deputy secretary (personnel), had said. The Daman and Diu administration on Wednesday withdrew a circular that asked women staff to tie rakhis on male colleagues after the order triggered a backlash from employees and was ripped apart on social media. To ensure that no one skipped office, an attendance report was to be sent to the government the next evening. In this connection, all offices/ departments shall remain open and celebrate the festival collectively at a suitable time wherein all the lady staff shall tie rakhis to their colleagues,? s administration was forced to retreat within 24 hours of issuing the circular that made it compulsory for its staff to celebrate Rakshabandhan at workplace."
30,"He got a call, after which he shared the information with the school principal, who sent out a press release.","To ensure that no one skipped office, an attendance report was to be sent to the government the next evening. In this connection, all offices/ departments shall remain open and celebrate the festival collectively at a suitable time wherein all the lady staff shall tie rakhis to their colleagues,? The Daman and Diu administration on Wednesday withdrew a circular that asked women staff to tie rakhis on male colleagues after the order triggered a backlash from employees and was ripped apart on social media. the order, issued on August 1 by Gurpreet Singh, deputy secretary (personnel), had said. were issued by the Daman and Diu administration a day apart."
31,"Harshit is hospitalised since Google denied giving him a job, his mother added.","the order, issued on August 1 by Gurpreet Singh, deputy secretary (personnel), had said. In this connection, all offices/ departments shall remain open and celebrate the festival collectively at a suitable time wherein all the lady staff shall tie rakhis to their colleagues,? were issued by the Daman and Diu administration a day apart. The Daman and Diu administration on Wednesday withdrew a circular that asked women staff to tie rakhis on male colleagues after the order triggered a backlash from employees and was ripped apart on social media. To ensure that no one skipped office, an attendance report was to be sent to the government the next evening."
32,Municipal Corporation of Gurugram on Wednesday said that 19 out of 45 commercial building owners have decided to pay property tax instead of providing free parking to the public.,"It has been decided to celebrate the festival of Rakshabandhan on August 7. s administration was forced to retreat within 24 hours of issuing the circular that made it compulsory for its staff to celebrate Rakshabandhan at workplace. The Daman and Diu administration on Wednesday withdrew a circular that asked women staff to tie rakhis on male colleagues after the order triggered a backlash from employees and was ripped apart on social media. To ensure that no one skipped office, an attendance report was to be sent to the government the next evening. the order, issued on August 1 by Gurpreet Singh, deputy secretary (personnel), had said."
33,"Notably, MCG earlier offered a property tax waiver for building basements if they were used to provide free parking.","were issued by the Daman and Diu administration a day apart. s administration was forced to retreat within 24 hours of issuing the circular that made it compulsory for its staff to celebrate Rakshabandhan at workplace. In this connection, all offices/ departments shall remain open and celebrate the festival collectively at a suitable time wherein all the lady staff shall tie rakhis to their colleagues,? To ensure that no one skipped office, an attendance report was to be sent to the government the next evening. the order, issued on August 1 by Gurpreet Singh, deputy secretary (personnel), had said."
34,"However, the owners allegedly said that revenues from parking profited them more.","the order, issued on August 1 by Gurpreet Singh, deputy secretary (personnel), had said. The Daman and Diu administration on Wednesday withdrew a circular that asked women staff to tie rakhis on male colleagues after the order triggered a backlash from employees and was ripped apart on social media. To ensure that no one skipped office, an attendance report was to be sent to the government the next evening. s administration was forced to retreat within 24 hours of issuing the circular that made it compulsory for its staff to celebrate Rakshabandhan at workplace. In this connection, all offices/ departments shall remain open and celebrate the festival collectively at a suitable time wherein all the lady staff shall tie rakhis to their colleagues,?"
35,"Scientists, for the first time, successfully freed embryos of a piece of faulty DNA that causes a fatal heart disease to run in families.","In this connection, all offices/ departments shall remain open and celebrate the festival collectively at a suitable time wherein all the lady staff shall tie rakhis to their colleagues,? s administration was forced to retreat within 24 hours of issuing the circular that made it compulsory for its staff to celebrate Rakshabandhan at workplace. To ensure that no one skipped office, an attendance report was to be sent to the government the next evening. The Daman and Diu administration on Wednesday withdrew a circular that asked women staff to tie rakhis on male colleagues after the order triggered a backlash from employees and was ripped apart on social media. the order, issued on August 1 by Gurpreet Singh, deputy secretary (personnel), had said."
36,"The disease, called hypertrophic cardiomyopathy, causes the heart to stop suddenly and is the result of an error in a single gene.","In this connection, all offices/ departments shall remain open and celebrate the festival collectively at a suitable time wherein all the lady staff shall tie rakhis to their colleagues,? To ensure that no one skipped office, an attendance report was to be sent to the government the next evening. the order, issued on August 1 by Gurpreet Singh, deputy secretary (personnel), had said. The Daman and Diu administration on Wednesday withdrew a circular that asked women staff to tie rakhis on male colleagues after the order triggered a backlash from employees and was ripped apart on social media. were issued by the Daman and Diu administration a day apart."
37,"The breakthrough could lead to preventing 10,000 disorders that are passed down the generations.","To ensure that no one skipped office, an attendance report was to be sent to the government the next evening. s administration was forced to retreat within 24 hours of issuing the circular that made it compulsory for its staff to celebrate Rakshabandhan at workplace. The Daman and Diu administration on Wednesday withdrew a circular that asked women staff to tie rakhis on male colleagues after the order triggered a backlash from employees and was ripped apart on social media. It has been decided to celebrate the festival of Rakshabandhan on August 7. were issued by the Daman and Diu administration a day apart."
38,"A Union Minister of State for Home Affairs informed the Lok Sabha on Wednesday that Delhi's 2,297 residential buildings under the Central Public Works Department were found to be ""unsafe"".","The Daman and Diu administration on Wednesday withdrew a circular that asked women staff to tie rakhis on male colleagues after the order triggered a backlash from employees and was ripped apart on social media. s administration was forced to retreat within 24 hours of issuing the circular that made it compulsory for its staff to celebrate Rakshabandhan at workplace. To ensure that no one skipped office, an attendance report was to be sent to the government the next evening. were issued by the Daman and Diu administration a day apart. It has been decided to celebrate the festival of Rakshabandhan on August 7."
39,Another 124 buildings under the New Delhi Municipal Council were identified as dangerous.,"were issued by the Daman and Diu administration a day apart. It has been decided to celebrate the festival of Rakshabandhan on August 7. the order, issued on August 1 by Gurpreet Singh, deputy secretary (personnel), had said. To ensure that no one skipped office, an attendance report was to be sent to the government the next evening. s administration was forced to retreat within 24 hours of issuing the circular that made it compulsory for its staff to celebrate Rakshabandhan at workplace."
40,The authorities said that they conduct surveys of unsafe buildings every year and undertake required actions.,"the order, issued on August 1 by Gurpreet Singh, deputy secretary (personnel), had said. s administration was forced to retreat within 24 hours of issuing the circular that made it compulsory for its staff to celebrate Rakshabandhan at workplace. The Daman and Diu administration on Wednesday withdrew a circular that asked women staff to tie rakhis on male colleagues after the order triggered a backlash from employees and was ripped apart on social media. one mandating the celebration of Rakshabandhan (left) and the other withdrawing the mandate (right) ? It has been decided to celebrate the festival of Rakshabandhan on August 7."
41,The Supreme Court today refused to stay the exercise of NOTA (none of the above) option in the Gujarat Rajya Sabha elections scheduled to take place on 8 August.,"It has been decided to celebrate the festival of Rakshabandhan on August 7. one mandating the celebration of Rakshabandhan (left) and the other withdrawing the mandate (right) ? the order, issued on August 1 by Gurpreet Singh, deputy secretary (personnel), had said. s administration was forced to retreat within 24 hours of issuing the circular that made it compulsory for its staff to celebrate Rakshabandhan at workplace. The Daman and Diu administration on Wednesday withdrew a circular that asked women staff to tie rakhis on male colleagues after the order triggered a backlash from employees and was ripped apart on social media."
42,The SC further said that the issue would be heard as a constitutional question ?,"To ensure that no one skipped office, an attendance report was to be sent to the government the next evening. The Daman and Diu administration on Wednesday withdrew a circular that asked women staff to tie rakhis on male colleagues after the order triggered a backlash from employees and was ripped apart on social media. the order, issued on August 1 by Gurpreet Singh, deputy secretary (personnel), had said. In this connection, all offices/ departments shall remain open and celebrate the festival collectively at a suitable time wherein all the lady staff shall tie rakhis to their colleagues,? were issued by the Daman and Diu administration a day apart."
43,whether NOTA would apply to election of council of states.,"It has been decided to celebrate the festival of Rakshabandhan on August 7. s administration was forced to retreat within 24 hours of issuing the circular that made it compulsory for its staff to celebrate Rakshabandhan at workplace. one mandating the celebration of Rakshabandhan (left) and the other withdrawing the mandate (right) ? To ensure that no one skipped office, an attendance report was to be sent to the government the next evening. The Daman and Diu administration on Wednesday withdrew a circular that asked women staff to tie rakhis on male colleagues after the order triggered a backlash from employees and was ripped apart on social media."
44,"Tanveer Hussain, a 24-year-old Indian athlete from Kashmir, has been indicted in the US on charges of sexually abusing a minor girl, during a visit to the US for a snowshoe competition.","In this connection, all offices/ departments shall remain open and celebrate the festival collectively at a suitable time wherein all the lady staff shall tie rakhis to their colleagues,? The Daman and Diu administration on Wednesday withdrew a circular that asked women staff to tie rakhis on male colleagues after the order triggered a backlash from employees and was ripped apart on social media. It has been decided to celebrate the festival of Rakshabandhan on August 7. the order, issued on August 1 by Gurpreet Singh, deputy secretary (personnel), had said. were issued by the Daman and Diu administration a day apart."
45,An Essex County jury has charged Hussain with one count of first-degree sexual abuse and two counts of endangering the welfare of a child.,"It has been decided to celebrate the festival of Rakshabandhan on August 7. one mandating the celebration of Rakshabandhan (left) and the other withdrawing the mandate (right) ? To ensure that no one skipped office, an attendance report was to be sent to the government the next evening. s administration was forced to retreat within 24 hours of issuing the circular that made it compulsory for its staff to celebrate Rakshabandhan at workplace. were issued by the Daman and Diu administration a day apart."
46,Bomb squads and canine teams were rushed to check a package recovered in the cargo hold area of Delhi airport on Wednesday.,"The Daman and Diu administration on Wednesday withdrew a circular that asked women staff to tie rakhis on male colleagues after the order triggered a backlash from employees and was ripped apart on social media. were issued by the Daman and Diu administration a day apart. It has been decided to celebrate the festival of Rakshabandhan on August 7. In this connection, all offices/ departments shall remain open and celebrate the festival collectively at a suitable time wherein all the lady staff shall tie rakhis to their colleagues,? s administration was forced to retreat within 24 hours of issuing the circular that made it compulsory for its staff to celebrate Rakshabandhan at workplace."
47,"Officials later declared the area safe, adding, ""the suspect item was nothing but some spare parts of company Maruti"".","the order, issued on August 1 by Gurpreet Singh, deputy secretary (personnel), had said. To ensure that no one skipped office, an attendance report was to be sent to the government the next evening. In this connection, all offices/ departments shall remain open and celebrate the festival collectively at a suitable time wherein all the lady staff shall tie rakhis to their colleagues,? s administration was forced to retreat within 24 hours of issuing the circular that made it compulsory for its staff to celebrate Rakshabandhan at workplace. It has been decided to celebrate the festival of Rakshabandhan on August 7."
48,Its X-ray image had raised suspicion among airport staff.,"s administration was forced to retreat within 24 hours of issuing the circular that made it compulsory for its staff to celebrate Rakshabandhan at workplace. the order, issued on August 1 by Gurpreet Singh, deputy secretary (personnel), had said. The Daman and Diu administration on Wednesday withdrew a circular that asked women staff to tie rakhis on male colleagues after the order triggered a backlash from employees and was ripped apart on social media. In this connection, all offices/ departments shall remain open and celebrate the festival collectively at a suitable time wherein all the lady staff shall tie rakhis to their colleagues,? were issued by the Daman and Diu administration a day apart."
49,"Defending the IGIMS marital declaration form, Bihar Health Minister Mangal Pandey said he checked the meaning of virgin in dictionary, wherein it meant unmarried woman and he didn't find anything objectionable in it.","In this connection, all offices/ departments shall remain open and celebrate the festival collectively at a suitable time wherein all the lady staff shall tie rakhis to their colleagues,? the order, issued on August 1 by Gurpreet Singh, deputy secretary (personnel), had said. It has been decided to celebrate the festival of Rakshabandhan on August 7. s administration was forced to retreat within 24 hours of issuing the circular that made it compulsory for its staff to celebrate Rakshabandhan at workplace. To ensure that no one skipped office, an attendance report was to be sent to the government the next evening."
50,"Pandey added that he discussed the issue with the management, who informed him that the format used was same as AIIMS' and was being used since 1983.","To ensure that no one skipped office, an attendance report was to be sent to the government the next evening. The Daman and Diu administration on Wednesday withdrew a circular that asked women staff to tie rakhis on male colleagues after the order triggered a backlash from employees and was ripped apart on social media. s administration was forced to retreat within 24 hours of issuing the circular that made it compulsory for its staff to celebrate Rakshabandhan at workplace. the order, issued on August 1 by Gurpreet Singh, deputy secretary (personnel), had said. In this connection, all offices/ departments shall remain open and celebrate the festival collectively at a suitable time wherein all the lady staff shall tie rakhis to their colleagues,?"
51,The members of a Norwegian anti-immigrant group have been trolled for mistaking a photograph of six empty bus seats for a group of women wearing burqas.,s administration was forced to retreat within 24 hours of issuing the circular that made it compulsory for its staff to celebrate Rakshabandhan at workplace. It has been decided to celebrate the festival of Rakshabandhan on August 7. The Daman and Diu administration on Wednesday withdrew a circular that asked women staff to tie rakhis on male colleagues after the order triggered a backlash from employees and was ripped apart on social media. were issued by the Daman and Diu administration a day apart. one mandating the celebration of Rakshabandhan (left) and the other withdrawing the mandate (right) ?
52,"The post, shared on  the closed Facebook group Fedrelandet viktigst (Fatherland first), garnered comments like ""Get them out of our country"" and ""Could be terrorists"".","the order, issued on August 1 by Gurpreet Singh, deputy secretary (personnel), had said. one mandating the celebration of Rakshabandhan (left) and the other withdrawing the mandate (right) ? To ensure that no one skipped office, an attendance report was to be sent to the government the next evening. In this connection, all offices/ departments shall remain open and celebrate the festival collectively at a suitable time wherein all the lady staff shall tie rakhis to their colleagues,? It has been decided to celebrate the festival of Rakshabandhan on August 7."
53,A newborn boy in Maharashtra's Thane was found to be 'pregnant' with own half-formed twin that was feeding off the boy's blood supply.,"To ensure that no one skipped office, an attendance report was to be sent to the government the next evening. The Daman and Diu administration on Wednesday withdrew a circular that asked women staff to tie rakhis on male colleagues after the order triggered a backlash from employees and was ripped apart on social media. s administration was forced to retreat within 24 hours of issuing the circular that made it compulsory for its staff to celebrate Rakshabandhan at workplace. In this connection, all offices/ departments shall remain open and celebrate the festival collectively at a suitable time wherein all the lady staff shall tie rakhis to their colleagues,? were issued by the Daman and Diu administration a day apart."
54,The doctors said that it was a very rare condition called 'fetus in fetu' with less than 200 such cases recorded till date.,"s administration was forced to retreat within 24 hours of issuing the circular that made it compulsory for its staff to celebrate Rakshabandhan at workplace. The Daman and Diu administration on Wednesday withdrew a circular that asked women staff to tie rakhis on male colleagues after the order triggered a backlash from employees and was ripped apart on social media. To ensure that no one skipped office, an attendance report was to be sent to the government the next evening. the order, issued on August 1 by Gurpreet Singh, deputy secretary (personnel), had said. In this connection, all offices/ departments shall remain open and celebrate the festival collectively at a suitable time wherein all the lady staff shall tie rakhis to their colleagues,?"
55,The doctors successfully operated to remove the 7-cm fetus that weighed 150 gram.,"It has been decided to celebrate the festival of Rakshabandhan on August 7. To ensure that no one skipped office, an attendance report was to be sent to the government the next evening. s administration was forced to retreat within 24 hours of issuing the circular that made it compulsory for its staff to celebrate Rakshabandhan at workplace. The Daman and Diu administration on Wednesday withdrew a circular that asked women staff to tie rakhis on male colleagues after the order triggered a backlash from employees and was ripped apart on social media. were issued by the Daman and Diu administration a day apart."
56,The North Delhi Municipal Corporation has said that the Ring Road and Aurobindo Marg near AIIMS and Safdarjung Hospitals will be declared a no-hawker zone.,"To ensure that no one skipped office, an attendance report was to be sent to the government the next evening. The Daman and Diu administration on Wednesday withdrew a circular that asked women staff to tie rakhis on male colleagues after the order triggered a backlash from employees and was ripped apart on social media. were issued by the Daman and Diu administration a day apart. It has been decided to celebrate the festival of Rakshabandhan on August 7. the order, issued on August 1 by Gurpreet Singh, deputy secretary (personnel), had said."
57,"The move is aimed at streamlining traffic movement outside the hospitals so that patients, doctors, and ambulances coming to the medical institutes get easier access and other commuters do not face any hassle.","In this connection, all offices/ departments shall remain open and celebrate the festival collectively at a suitable time wherein all the lady staff shall tie rakhis to their colleagues,? To ensure that no one skipped office, an attendance report was to be sent to the government the next evening. the order, issued on August 1 by Gurpreet Singh, deputy secretary (personnel), had said. one mandating the celebration of Rakshabandhan (left) and the other withdrawing the mandate (right) ? The Daman and Diu administration on Wednesday withdrew a circular that asked women staff to tie rakhis on male colleagues after the order triggered a backlash from employees and was ripped apart on social media."
58,Over 400 farmers from Greater Noida and adjoining areas protested in Dadri seeking immediate release of 39 farmers arrested on Friday for stopping a passenger train and blocking movement on the Delhi-Howrah railway track for an hour.,"The Daman and Diu administration on Wednesday withdrew a circular that asked women staff to tie rakhis on male colleagues after the order triggered a backlash from employees and was ripped apart on social media. s administration was forced to retreat within 24 hours of issuing the circular that made it compulsory for its staff to celebrate Rakshabandhan at workplace. It has been decided to celebrate the festival of Rakshabandhan on August 7. were issued by the Daman and Diu administration a day apart. In this connection, all offices/ departments shall remain open and celebrate the festival collectively at a suitable time wherein all the lady staff shall tie rakhis to their colleagues,?"
59,The arrested farmers had been demanding more compensation for land being acquired by the government for construction of the Eastern Peripheral Expressway.,"s administration was forced to retreat within 24 hours of issuing the circular that made it compulsory for its staff to celebrate Rakshabandhan at workplace. It has been decided to celebrate the festival of Rakshabandhan on August 7. the order, issued on August 1 by Gurpreet Singh, deputy secretary (personnel), had said. To ensure that no one skipped office, an attendance report was to be sent to the government the next evening. were issued by the Daman and Diu administration a day apart."
60,Investigators have released pictures showing how close an Air Canada flight came to crashing onto four planes at a US airport last month.,"To ensure that no one skipped office, an attendance report was to be sent to the government the next evening. s administration was forced to retreat within 24 hours of issuing the circular that made it compulsory for its staff to celebrate Rakshabandhan at workplace. In this connection, all offices/ departments shall remain open and celebrate the festival collectively at a suitable time wherein all the lady staff shall tie rakhis to their colleagues,? The Daman and Diu administration on Wednesday withdrew a circular that asked women staff to tie rakhis on male colleagues after the order triggered a backlash from employees and was ripped apart on social media. were issued by the Daman and Diu administration a day apart."
61,"Its pilots mistakenly descended towards a taxiway, where four planes were parked, instead of the runway before aborting the landing.","were issued by the Daman and Diu administration a day apart. the order, issued on August 1 by Gurpreet Singh, deputy secretary (personnel), had said. In this connection, all offices/ departments shall remain open and celebrate the festival collectively at a suitable time wherein all the lady staff shall tie rakhis to their colleagues,? s administration was forced to retreat within 24 hours of issuing the circular that made it compulsory for its staff to celebrate Rakshabandhan at workplace. To ensure that no one skipped office, an attendance report was to be sent to the government the next evening."
62,Investigators said the incident came within a few feet of becoming one of the worst aviation disasters.,"s administration was forced to retreat within 24 hours of issuing the circular that made it compulsory for its staff to celebrate Rakshabandhan at workplace. one mandating the celebration of Rakshabandhan (left) and the other withdrawing the mandate (right) ? It has been decided to celebrate the festival of Rakshabandhan on August 7. the order, issued on August 1 by Gurpreet Singh, deputy secretary (personnel), had said. were issued by the Daman and Diu administration a day apart."
63,"Two sunbathers, a 56-year-old man and an eight-year-old girl, were killed on Wednesday when a light plane struck them while making an emergency landing at a beach in Portugal.","In this connection, all offices/ departments shall remain open and celebrate the festival collectively at a suitable time wherein all the lady staff shall tie rakhis to their colleagues,? The Daman and Diu administration on Wednesday withdrew a circular that asked women staff to tie rakhis on male colleagues after the order triggered a backlash from employees and was ripped apart on social media. were issued by the Daman and Diu administration a day apart. To ensure that no one skipped office, an attendance report was to be sent to the government the next evening. the order, issued on August 1 by Gurpreet Singh, deputy secretary (personnel), had said."
64,The others had run into the sea to save themselves.,"the order, issued on August 1 by Gurpreet Singh, deputy secretary (personnel), had said. To ensure that no one skipped office, an attendance report was to be sent to the government the next evening. It has been decided to celebrate the festival of Rakshabandhan on August 7. s administration was forced to retreat within 24 hours of issuing the circular that made it compulsory for its staff to celebrate Rakshabandhan at workplace. The Daman and Diu administration on Wednesday withdrew a circular that asked women staff to tie rakhis on male colleagues after the order triggered a backlash from employees and was ripped apart on social media."
65,"The two occupants of the plane, which appeared to be in difficulty and had a partly broken left wing, were unhurt.","In this connection, all offices/ departments shall remain open and celebrate the festival collectively at a suitable time wherein all the lady staff shall tie rakhis to their colleagues,? the order, issued on August 1 by Gurpreet Singh, deputy secretary (personnel), had said. To ensure that no one skipped office, an attendance report was to be sent to the government the next evening. were issued by the Daman and Diu administration a day apart. one mandating the celebration of Rakshabandhan (left) and the other withdrawing the mandate (right) ?"
66,"The Saudi-led coalition in Yemen is blocking deliveries of jet fuel to UN planes bringing humanitarian aid to the rebel-held capital Sanaa, UN officials said.","the order, issued on August 1 by Gurpreet Singh, deputy secretary (personnel), had said. In this connection, all offices/ departments shall remain open and celebrate the festival collectively at a suitable time wherein all the lady staff shall tie rakhis to their colleagues,? To ensure that no one skipped office, an attendance report was to be sent to the government the next evening. It has been decided to celebrate the festival of Rakshabandhan on August 7. s administration was forced to retreat within 24 hours of issuing the circular that made it compulsory for its staff to celebrate Rakshabandhan at workplace."
67,"Aid efforts were also hampered by delays and refusals of visas by the Yemeni government, officials added.","were issued by the Daman and Diu administration a day apart. the order, issued on August 1 by Gurpreet Singh, deputy secretary (personnel), had said. To ensure that no one skipped office, an attendance report was to be sent to the government the next evening. one mandating the celebration of Rakshabandhan (left) and the other withdrawing the mandate (right) ? In this connection, all offices/ departments shall remain open and celebrate the festival collectively at a suitable time wherein all the lady staff shall tie rakhis to their colleagues,?"
68,The Saudi-led coalition has been involved in Yemen's civil war backing the Yemeni government against the Houthi rebels.,"It has been decided to celebrate the festival of Rakshabandhan on August 7. To ensure that no one skipped office, an attendance report was to be sent to the government the next evening. In this connection, all offices/ departments shall remain open and celebrate the festival collectively at a suitable time wherein all the lady staff shall tie rakhis to their colleagues,? were issued by the Daman and Diu administration a day apart. the order, issued on August 1 by Gurpreet Singh, deputy secretary (personnel), had said."
69,"The US Air Force on Wednesday successfully launched an unarmed intercontinental ballistic missile from California, the fourth such test this year.","The Daman and Diu administration on Wednesday withdrew a circular that asked women staff to tie rakhis on male colleagues after the order triggered a backlash from employees and was ripped apart on social media. To ensure that no one skipped office, an attendance report was to be sent to the government the next evening. the order, issued on August 1 by Gurpreet Singh, deputy secretary (personnel), had said. In this connection, all offices/ departments shall remain open and celebrate the festival collectively at a suitable time wherein all the lady staff shall tie rakhis to their colleagues,? It has been decided to celebrate the festival of Rakshabandhan on August 7."
70,"The test will show the readiness and effectiveness of the weapon system, officials said.","the order, issued on August 1 by Gurpreet Singh, deputy secretary (personnel), had said. one mandating the celebration of Rakshabandhan (left) and the other withdrawing the mandate (right) ? In this connection, all offices/ departments shall remain open and celebrate the festival collectively at a suitable time wherein all the lady staff shall tie rakhis to their colleagues,? It has been decided to celebrate the festival of Rakshabandhan on August 7. were issued by the Daman and Diu administration a day apart."
71,The launch comes amid concerns over North Korea which recently tested two intercontinental ballistic missiles which it claims has the range to reach the US.,"It has been decided to celebrate the festival of Rakshabandhan on August 7. The two notifications ? s administration was forced to retreat within 24 hours of issuing the circular that made it compulsory for its staff to celebrate Rakshabandhan at workplace. To ensure that no one skipped office, an attendance report was to be sent to the government the next evening. The Daman and Diu administration on Wednesday withdrew a circular that asked women staff to tie rakhis on male colleagues after the order triggered a backlash from employees and was ripped apart on social media."
72,"The remains of a German hiker, who disappeared while climbing in the Swiss Alps 30 years ago, have been found embedded in a glacier, police officials said.","In this connection, all offices/ departments shall remain open and celebrate the festival collectively at a suitable time wherein all the lady staff shall tie rakhis to their colleagues,? the order, issued on August 1 by Gurpreet Singh, deputy secretary (personnel), had said. It has been decided to celebrate the festival of Rakshabandhan on August 7. To ensure that no one skipped office, an attendance report was to be sent to the government the next evening. were issued by the Daman and Diu administration a day apart."
73,"The remains were found by two people climbing the Lagginhorn mountain, they added.","were issued by the Daman and Diu administration a day apart. the order, issued on August 1 by Gurpreet Singh, deputy secretary (personnel), had said. The two notifications ? To ensure that no one skipped office, an attendance report was to be sent to the government the next evening. In this connection, all offices/ departments shall remain open and celebrate the festival collectively at a suitable time wherein all the lady staff shall tie rakhis to their colleagues,?"
74,"Recently, bodies of a Swiss couple who went missing 75 years ago were found perfectly preserved in the Alps.","were issued by the Daman and Diu administration a day apart. In this connection, all offices/ departments shall remain open and celebrate the festival collectively at a suitable time wherein all the lady staff shall tie rakhis to their colleagues,? the order, issued on August 1 by Gurpreet Singh, deputy secretary (personnel), had said. It has been decided to celebrate the festival of Rakshabandhan on August 7. The Daman and Diu administration on Wednesday withdrew a circular that asked women staff to tie rakhis on male colleagues after the order triggered a backlash from employees and was ripped apart on social media."
75,"Veteran actor Dilip Kumar has been admitted to Lilavati Hospital in Mumbai, following kidney complications and dehydration.","It has been decided to celebrate the festival of Rakshabandhan on August 7. In this connection, all offices/ departments shall remain open and celebrate the festival collectively at a suitable time wherein all the lady staff shall tie rakhis to their colleagues,? To ensure that no one skipped office, an attendance report was to be sent to the government the next evening. the order, issued on August 1 by Gurpreet Singh, deputy secretary (personnel), had said. The Daman and Diu administration on Wednesday withdrew a circular that asked women staff to tie rakhis on male colleagues after the order triggered a backlash from employees and was ripped apart on social media."
76,"The doctors treating the 94-year-old actor have said that he is stable and currently recuperating in the general ward while adding, ""There is no cause for concern"".","To ensure that no one skipped office, an attendance report was to be sent to the government the next evening. the order, issued on August 1 by Gurpreet Singh, deputy secretary (personnel), had said. In this connection, all offices/ departments shall remain open and celebrate the festival collectively at a suitable time wherein all the lady staff shall tie rakhis to their colleagues,? s administration was forced to retreat within 24 hours of issuing the circular that made it compulsory for its staff to celebrate Rakshabandhan at workplace. The Daman and Diu administration on Wednesday withdrew a circular that asked women staff to tie rakhis on male colleagues after the order triggered a backlash from employees and was ripped apart on social media."
77,The veteran actor had also been hospitalised twice last year due to medical reasons.,"It has been decided to celebrate the festival of Rakshabandhan on August 7. the order, issued on August 1 by Gurpreet Singh, deputy secretary (personnel), had said. To ensure that no one skipped office, an attendance report was to be sent to the government the next evening. s administration was forced to retreat within 24 hours of issuing the circular that made it compulsory for its staff to celebrate Rakshabandhan at workplace. The Daman and Diu administration on Wednesday withdrew a circular that asked women staff to tie rakhis on male colleagues after the order triggered a backlash from employees and was ripped apart on social media."
78,The Mangrove Society of India has listed Mumbai's two mangrove wetlands?,The two notifications ? It has been decided to celebrate the festival of Rakshabandhan on August 7. one mandating the celebration of Rakshabandhan (left) and the other withdrawing the mandate (right) ? The union territory? s administration was forced to retreat within 24 hours of issuing the circular that made it compulsory for its staff to celebrate Rakshabandhan at workplace.
79,"Airoli and Vikhroli, among twelve unique mangrove forests in India.","In this connection, all offices/ departments shall remain open and celebrate the festival collectively at a suitable time wherein all the lady staff shall tie rakhis to their colleagues,? the order, issued on August 1 by Gurpreet Singh, deputy secretary (personnel), had said. were issued by the Daman and Diu administration a day apart. To ensure that no one skipped office, an attendance report was to be sent to the government the next evening. The Daman and Diu administration on Wednesday withdrew a circular that asked women staff to tie rakhis on male colleagues after the order triggered a backlash from employees and was ripped apart on social media."
80,"The twelve locations were selected to help conserve different mangrove species, and establish them as international tourism destinations, officials said.","the order, issued on August 1 by Gurpreet Singh, deputy secretary (personnel), had said. were issued by the Daman and Diu administration a day apart. In this connection, all offices/ departments shall remain open and celebrate the festival collectively at a suitable time wherein all the lady staff shall tie rakhis to their colleagues,? To ensure that no one skipped office, an attendance report was to be sent to the government the next evening. The Daman and Diu administration on Wednesday withdrew a circular that asked women staff to tie rakhis on male colleagues after the order triggered a backlash from employees and was ripped apart on social media."
81,"""Mangrove forests can sequester carbon 10 times more than tropical forests,"" they added.","the order, issued on August 1 by Gurpreet Singh, deputy secretary (personnel), had said. To ensure that no one skipped office, an attendance report was to be sent to the government the next evening. In this connection, all offices/ departments shall remain open and celebrate the festival collectively at a suitable time wherein all the lady staff shall tie rakhis to their colleagues,? were issued by the Daman and Diu administration a day apart. It has been decided to celebrate the festival of Rakshabandhan on August 7."
82,"Jammu and Kashmir Police have approached the Pakistan High Commission asking them to claim the body of Lashkar-e-Taiba commander Abu Dujana, who was killed by security forces on Tuesday.","the order, issued on August 1 by Gurpreet Singh, deputy secretary (personnel), had said. The Daman and Diu administration on Wednesday withdrew a circular that asked women staff to tie rakhis on male colleagues after the order triggered a backlash from employees and was ripped apart on social media. It has been decided to celebrate the festival of Rakshabandhan on August 7. To ensure that no one skipped office, an attendance report was to be sent to the government the next evening. were issued by the Daman and Diu administration a day apart."
83,"Notably, this is the first time the authorities have approached the High Commission asking them to claim the body of any Pakistani national killed in an anti-militancy operation in the state.","In this connection, all offices/ departments shall remain open and celebrate the festival collectively at a suitable time wherein all the lady staff shall tie rakhis to their colleagues,? To ensure that no one skipped office, an attendance report was to be sent to the government the next evening. It has been decided to celebrate the festival of Rakshabandhan on August 7. the order, issued on August 1 by Gurpreet Singh, deputy secretary (personnel), had said. s administration was forced to retreat within 24 hours of issuing the circular that made it compulsory for its staff to celebrate Rakshabandhan at workplace."
84,"Abu Ismail, mastermind of the Amarnath Yatra attack, will reportedly replace Abu Dujana as the Kashmir division chief of Lashkar-e-Taiba (LeT).","the order, issued on August 1 by Gurpreet Singh, deputy secretary (personnel), had said. one mandating the celebration of Rakshabandhan (left) and the other withdrawing the mandate (right) ? It has been decided to celebrate the festival of Rakshabandhan on August 7. To ensure that no one skipped office, an attendance report was to be sent to the government the next evening. In this connection, all offices/ departments shall remain open and celebrate the festival collectively at a suitable time wherein all the lady staff shall tie rakhis to their colleagues,?"
85,Dujana was killed by the security forces on Tuesday after a seven-hour gunfight in south Kashmir's Pulwama district.,"The Daman and Diu administration on Wednesday withdrew a circular that asked women staff to tie rakhis on male colleagues after the order triggered a backlash from employees and was ripped apart on social media. were issued by the Daman and Diu administration a day apart. the order, issued on August 1 by Gurpreet Singh, deputy secretary (personnel), had said. In this connection, all offices/ departments shall remain open and celebrate the festival collectively at a suitable time wherein all the lady staff shall tie rakhis to their colleagues,? It has been decided to celebrate the festival of Rakshabandhan on August 7."
86,"Notably, eight pilgrims were killed and 18 were injured in the Amarnath Yatra attack last month.","were issued by the Daman and Diu administration a day apart. In this connection, all offices/ departments shall remain open and celebrate the festival collectively at a suitable time wherein all the lady staff shall tie rakhis to their colleagues,? the order, issued on August 1 by Gurpreet Singh, deputy secretary (personnel), had said. To ensure that no one skipped office, an attendance report was to be sent to the government the next evening. The Daman and Diu administration on Wednesday withdrew a circular that asked women staff to tie rakhis on male colleagues after the order triggered a backlash from employees and was ripped apart on social media."
87,"Explaining his frequent visits to golf clubs, US President Donald Trump told his New Jersey golf club members that he spends so much time away from Washington DC because the White House is a 'real dump', according to reports.","In this connection, all offices/ departments shall remain open and celebrate the festival collectively at a suitable time wherein all the lady staff shall tie rakhis to their colleagues,? To ensure that no one skipped office, an attendance report was to be sent to the government the next evening. The Daman and Diu administration on Wednesday withdrew a circular that asked women staff to tie rakhis on male colleagues after the order triggered a backlash from employees and was ripped apart on social media. the order, issued on August 1 by Gurpreet Singh, deputy secretary (personnel), had said. s administration was forced to retreat within 24 hours of issuing the circular that made it compulsory for its staff to celebrate Rakshabandhan at workplace."
88,"Notably, the White House is the most expensive house in the US and is worth almost $400 million.","In this connection, all offices/ departments shall remain open and celebrate the festival collectively at a suitable time wherein all the lady staff shall tie rakhis to their colleagues,? the order, issued on August 1 by Gurpreet Singh, deputy secretary (personnel), had said. were issued by the Daman and Diu administration a day apart. To ensure that no one skipped office, an attendance report was to be sent to the government the next evening. The Daman and Diu administration on Wednesday withdrew a circular that asked women staff to tie rakhis on male colleagues after the order triggered a backlash from employees and was ripped apart on social media."
89,"A self-styled email prankster, known as @SINON_REBORN on Twitter, has fooled recently-fired White House Communications Director Anthony Scaramucci thrice.","the order, issued on August 1 by Gurpreet Singh, deputy secretary (personnel), had said. It has been decided to celebrate the festival of Rakshabandhan on August 7. In this connection, all offices/ departments shall remain open and celebrate the festival collectively at a suitable time wherein all the lady staff shall tie rakhis to their colleagues,? The Daman and Diu administration on Wednesday withdrew a circular that asked women staff to tie rakhis on male colleagues after the order triggered a backlash from employees and was ripped apart on social media. To ensure that no one skipped office, an attendance report was to be sent to the government the next evening."
90,"The prankster fooled Scaramucci by posing as recently-fired Chief of Staff Reince Priebus, as a Russian envoy and finally as one of his friends.","were issued by the Daman and Diu administration a day apart. one mandating the celebration of Rakshabandhan (left) and the other withdrawing the mandate (right) ? In this connection, all offices/ departments shall remain open and celebrate the festival collectively at a suitable time wherein all the lady staff shall tie rakhis to their colleagues,? the order, issued on August 1 by Gurpreet Singh, deputy secretary (personnel), had said. The Daman and Diu administration on Wednesday withdrew a circular that asked women staff to tie rakhis on male colleagues after the order triggered a backlash from employees and was ripped apart on social media."
91,"The prankster said he targeted Scaramucci because he had used mental health issues as a ""put down"".","the order, issued on August 1 by Gurpreet Singh, deputy secretary (personnel), had said. were issued by the Daman and Diu administration a day apart. The Daman and Diu administration on Wednesday withdrew a circular that asked women staff to tie rakhis on male colleagues after the order triggered a backlash from employees and was ripped apart on social media. In this connection, all offices/ departments shall remain open and celebrate the festival collectively at a suitable time wherein all the lady staff shall tie rakhis to their colleagues,? It has been decided to celebrate the festival of Rakshabandhan on August 7."
92,"A UK-based doctor, Manish Shah, has been charged with 118 sexual offences, the Metropolitan Police said on Wednesday.","the order, issued on August 1 by Gurpreet Singh, deputy secretary (personnel), had said. It has been decided to celebrate the festival of Rakshabandhan on August 7. In this connection, all offices/ departments shall remain open and celebrate the festival collectively at a suitable time wherein all the lady staff shall tie rakhis to their colleagues,? The Daman and Diu administration on Wednesday withdrew a circular that asked women staff to tie rakhis on male colleagues after the order triggered a backlash from employees and was ripped apart on social media. To ensure that no one skipped office, an attendance report was to be sent to the government the next evening."
93,"Shah has been accused of 65 counts of assault by penetration and 52 allegations of sexual assault, police officials added.","It has been decided to celebrate the festival of Rakshabandhan on August 7. one mandating the celebration of Rakshabandhan (left) and the other withdrawing the mandate (right) ? the order, issued on August 1 by Gurpreet Singh, deputy secretary (personnel), had said. s administration was forced to retreat within 24 hours of issuing the circular that made it compulsory for its staff to celebrate Rakshabandhan at workplace. were issued by the Daman and Diu administration a day apart."
94,He has also been charged with one count of sexual assault on a child under 13.,"It has been decided to celebrate the festival of Rakshabandhan on August 7. The Daman and Diu administration on Wednesday withdrew a circular that asked women staff to tie rakhis on male colleagues after the order triggered a backlash from employees and was ripped apart on social media. one mandating the celebration of Rakshabandhan (left) and the other withdrawing the mandate (right) ? were issued by the Daman and Diu administration a day apart. To ensure that no one skipped office, an attendance report was to be sent to the government the next evening."
95,"US President Donald Trump's campaign could not have colluded with Russia because the team was too dysfunctional and disorganised to coordinate with a foreign government, the President's son-in-law and senior adviser Jared Kushner has claimed.","In this connection, all offices/ departments shall remain open and celebrate the festival collectively at a suitable time wherein all the lady staff shall tie rakhis to their colleagues,? To ensure that no one skipped office, an attendance report was to be sent to the government the next evening. The Daman and Diu administration on Wednesday withdrew a circular that asked women staff to tie rakhis on male colleagues after the order triggered a backlash from employees and was ripped apart on social media. were issued by the Daman and Diu administration a day apart. It has been decided to celebrate the festival of Rakshabandhan on August 7."
96,"Notably, Kushner had acknowledged four meetings with Russians during and after Trump's presidential bid and insisted that he had ""nothing to hide"".","the order, issued on August 1 by Gurpreet Singh, deputy secretary (personnel), had said. The Daman and Diu administration on Wednesday withdrew a circular that asked women staff to tie rakhis on male colleagues after the order triggered a backlash from employees and was ripped apart on social media. To ensure that no one skipped office, an attendance report was to be sent to the government the next evening. In this connection, all offices/ departments shall remain open and celebrate the festival collectively at a suitable time wherein all the lady staff shall tie rakhis to their colleagues,? were issued by the Daman and Diu administration a day apart."
97,"A woman lawmaker of Pakistan Tehreek-e-Insaf (PTI) party, Ayesha Gulalai, has accused party leader Imran Khan of harassing women leaders in the party and sending them obscene text messages.","one mandating the celebration of Rakshabandhan (left) and the other withdrawing the mandate (right) ? the order, issued on August 1 by Gurpreet Singh, deputy secretary (personnel), had said. In this connection, all offices/ departments shall remain open and celebrate the festival collectively at a suitable time wherein all the lady staff shall tie rakhis to their colleagues,? It has been decided to celebrate the festival of Rakshabandhan on August 7. The Daman and Diu administration on Wednesday withdrew a circular that asked women staff to tie rakhis on male colleagues after the order triggered a backlash from employees and was ripped apart on social media."
98,"""My integrity matters to me the most and I cannot compromise when it comes to my honour and dignity,"" Gulalai said announcing her resignation from the party.","The Daman and Diu administration on Wednesday withdrew a circular that asked women staff to tie rakhis on male colleagues after the order triggered a backlash from employees and was ripped apart on social media. the order, issued on August 1 by Gurpreet Singh, deputy secretary (personnel), had said. It has been decided to celebrate the festival of Rakshabandhan on August 7. In this connection, all offices/ departments shall remain open and celebrate the festival collectively at a suitable time wherein all the lady staff shall tie rakhis to their colleagues,? To ensure that no one skipped office, an attendance report was to be sent to the government the next evening."
99,Harry Potter author JK Rowling has apologised for a series of tweets in which she falsely accused US President Donald Trump of refusing to shake the hand of a child in a wheelchair during an event last week.,"It has been decided to celebrate the festival of Rakshabandhan on August 7. In this connection, all offices/ departments shall remain open and celebrate the festival collectively at a suitable time wherein all the lady staff shall tie rakhis to their colleagues,? s administration was forced to retreat within 24 hours of issuing the circular that made it compulsory for its staff to celebrate Rakshabandhan at workplace. were issued by the Daman and Diu administration a day apart. The Daman and Diu administration on Wednesday withdrew a circular that asked women staff to tie rakhis on male colleagues after the order triggered a backlash from employees and was ripped apart on social media."
